title,author,tag
100 Days of Code — Day 5 of 100,Victoria Lo,100daysofcode
"Webscrape with Java, NodeJs & Python",Andrei Elekes,"Python,Java,Nodejs,Programming,Software Development"
Scalable do-it-yourself scraping — How to build and run scrapers on a large scale,ScrapeHero,"Web Scraping,Web Development,Data"
Scrapping the content of single-page application (SPA) with headless Chrome and puppeteer,Andrejs Abrickis,"JavaScript,Headless Chrome,Puppeteer,Web Scraping,Axios"
How to Scrape Data from Web Pages for Sentiment Analysis?,X-Byte Enterprise Crawling,"Data,Science,Sentiment Analysis,Blog,Data Science"
How to web scrape with Puppeteer in Google Cloud Functions,Benjamin Morali,"JavaScript,Google Cloud Platform,Tips And Tricks,Web Scraping,Puppeteer"
How to get the next page on Beautiful Soup,DavidMM,"Web Scraping,Python,Programming,Beautifulsoup,Coding"
How to Crawl the Web Politely with Scrapy,ScrapingHub,"Web Development,Big Data,Python,Open Source,Programming"
How to scrape websites with Python and BeautifulSoup,Guillaume Odier,"Python,Beautifulsoup,Web Scraping,Web Development,Data"
How to do Web Scraping with Ruby?,Ellina Bereza,Web Scraping
How to do web scraping with python,Tyler Garrett,"Python,Code,Learn,Programming,Blogger"
master web scraping : understand the big picture,tan pham,"Web Scraping,Python,Selenium,Beautifulsoup"
Natural Language Processing,Sam Lundberg,"Machine Learning,NLP"
How to do web scraping with Cheerio,Andrew Smith,"JavaScript,Nodejs,Web Development,Web Scraping"
Visual Web Scraping Tools: What to Do When They Are No Longer Fit For Purpose?,ScrapingHub,"Web Scraping,Visualization,Data Visualization,Web Crawling,Scrapinghub"
Web Scraping with Python and BeautifulSoup,Mohit Sharma,"Web Scraping,Data Science,Python,Towards,Hackernoon"
"How do we find daily good deals online, automatically?",,"Data Science,Web Scraping,Analytics,Automation,R"
How to Do Price Monitoring from Car Dealers Sites?,X-Byte Enterprise Crawling,"Price Monitoring,Data Scraping,Car Dealers,Web Scraping,Blog"
Hands-On Web Scraping With Python,Rouven,"Web Development,Web Scraping,Automation,Scripting,Python"
6 Tips on How to Do Data Scraping of Unstructured Data,3i Data Scraping,"Big Data,Data Scraping,Web Scraping"
How to Run JavaScript in Python | Web Scraping | Web Testing,Mahmud Ahsan,"Selenium,Python,JavaScript,Chrome,Scraping"
Asynchronous Web Scraping in Python using concurrent module.,Pranav Gajjewar,"Python,Web Scraping,Optimization,Multitasking,Threading"
Learn web app development while solving a real world problem,Ajay Sainy,"Web Development,Web Scraping,Python"
Coupling Web Scraping with Functional programming in R for Scale,AbdulMajedRaja RS,"Web Scraping,Data Science,Data Engineering,Data Analytics,R Programming"
"How to link preview like Facebook, Twitter, Slack, and WhatsApp",Adel ak,"Nodejs,Web Scraping,JavaScript,Express,Link Preview"
How can Competitive Business Intelligence (BI) escalate your Success?,3i Data Scraping,"Big Data,Big Data Analytics,Business Intelligence,Data Mining,Web Scraping"
,,"Web Scraping,Business,Web Scraping Service"
Scraping Data from Website to Excel,Alen Cooper,"Web Scraping,Excel"
"A Serverless Pipeline to retrieve, validate, and immerse the data to Azure SQL Server from Twitter.",karanpreet singh wadhwa,"Data Science,Azure,Python,Web Scraping,Big Data"
Web scraping with Python(using BeautifulSoup),Kenechi Ojukwu,"Web Scraping,Python Programming"
How to do data scraping EFFICIENTLY?,JOHN CHAN,"Python,Scraping,Data,Data Scraping"
EZ Web Scraping,Chris Marker,Web Scraping
Theory vs. The World: How Retrieving Links from Google Is not t,Guglielmo Feis,"Data Science,Python,Web Scraping,Digital Humanities,Beautifulsoup"
How Xpath Plays Vital Role In Web Scraping Part 2,Sandra K,"Data Extraction,Data Extraction Services,Web Scraping,Web Scraping Service"
Web Crawling? eh.. What is it?,Siddhartha Anand,"Web Scraping,Web Crawling,Python"
ReactJS Examples,makzan,"CSS,Web Development,Reactjs"
Need to know about the scrapping a car,We Buy Cars Today,Buy My Car
How I took a break from Job Searching and let Python do it for me.,Umang Shah,"Job Hunting,Python,Beautifulsoup,Web Scraping,Tutorial"
