https://medium.com/@victoria2666/100-days-of-code-day-5-of-100-c368583a1b2c?source=search_post---------0,
https://medium.com/@andrejsabrickis/scrapping-the-content-of-single-page-application-spa-with-headless-chrome-and-puppeteer-d040025f752b?source=search_post---------1,
https://medium.com/benextcompany/how-to-web-scrape-with-puppeteer-in-google-cloud-functions-59ad86d3abdc?source=search_post---------2,
https://medium.com/@xbytecrawling/how-to-scrape-data-from-web-pages-for-sentiment-analysis-927b31b08f36?source=search_post---------3,
https://medium.com/@ScrapeHero/scalable-do-it-yourself-scraping-how-to-build-and-run-scrapers-on-a-large-scale-79eb1ab85482?source=search_post---------4,
https://medium.com/captain-data-blog/how-to-scrape-websites-with-python-and-beautifulsoup-c9f0dac5e928?source=search_post---------5,
https://medium.com/quick-code/how-to-get-the-next-page-on-beautiful-soup-85b743750df4?source=search_post---------6,
https://medium.com/coding-in-simple-english/webscrape-with-java-nodejs-python-56117ed12b62?source=search_post---------7,
https://medium.com/@silentworks/how-to-do-web-scraping-with-cheerio-f83c0467e202?source=search_post,
https://medium.com/incedge/web-scraping-bf2d814cc572?source=search_post,
https://towardsdatascience.com/coupling-web-scraping-with-functional-programming-in-r-for-scale-1bc4509eef29?source=search_post,
https://medium.com/@ScrapingHub/visual-web-scraping-tools-what-to-do-when-they-are-no-longer-fit-for-purpose-a366996a25d1?source=search_post,
https://medium.com/hackernoon/how-to-crawl-the-web-politely-with-scrapy-15fbe489573d?source=search_post,
https://towardsdatascience.com/how-do-we-find-daily-good-deals-online-automatically-fe8cfc8f783a?source=search_post,
https://medium.com/@itylergarrett.tag/using-pip-to-install-requests-and-lxml-on-python-3-7-mac-os-e6c4d5e860f6?source=search_post,
https://medium.com/@hello_47260/how-to-do-web-scraping-with-ruby-80a705d041a?source=search_post,
https://medium.com/analytics-vidhya/practical-web-scraping-94203cdd6461?source=search_post,
https://medium.com/datamadeeasy/master-web-scraping-understand-the-big-picture-68540a66ec7f?source=search_post,
https://medium.com/@sslundberg/natural-language-processing-6e6e92edbd11?source=search_post,
https://medium.com/@chris.d.marker/ez-web-scraping-fd39ef1c1f50?source=search_post,
https://medium.com/swlh/hands-on-web-scraping-with-python-2dff4d1bf7be?source=search_post,
https://medium.com/@xbytecrawling/how-to-do-price-monitoring-from-car-dealers-sites-caffc6a521af?source=search_post,
https://medium.com/@ust.johnchan/how-to-do-data-scraping-efficiently-f2a70794d086?source=search_post,
https://medium.com/@3idatascraping/6-tips-on-how-to-do-data-scraping-of-unstructured-data-4ac44f0cda29?source=search_post,
https://towardsdatascience.com/a-serverless-pipeline-to-retrieve-validate-and-immerse-the-data-to-azure-sql-server-from-twitter-1a5757b39bc8?source=search_post,
https://medium.com/@apbetahouse45/asynchronous-web-scraping-in-python-using-concurrent-module-a5ca1b7f82e4?source=search_post,
https://medium.com/@mahmudahsan/how-to-run-javascript-in-python-web-scraping-web-testing-16bd04894360?source=search_post,
https://medium.com/@adoolak/how-to-link-preview-like-facebook-twitter-slack-and-whatsapp-549381fef40a?source=search_post,
https://medium.com/@websiteparsing/how-to-improve-your-business-using-web-data-extraction-815c3838fe1a?source=search_post,
https://medium.com/@3idatascraping/how-can-competitive-business-intelligence-bi-escalate-your-success-e8ff70bc64e4?source=search_post,
https://medium.com/@skeer834/scraping-data-from-website-to-excel-ee9cb6fe5fb?source=search_post,
https://medium.com/@kenechiojukwu/web-scraping-using-python-bf677172d6ba?source=search_post,
https://medium.com/@guglielmofeis/theory-vs-the-world-how-retrieving-links-from-google-is-not-hat-easy-3ab35c8ac92a?source=search_post,
https://medium.com/@WeBuyCarsToday/need-to-know-about-the-scrapping-a-car-700d60394613?source=search_post,
https://codeburst.io/how-i-took-a-break-from-job-searching-and-let-python-do-it-for-me-25f05c0f3dea?source=search_post,
https://medium.com/@sandra_21783/how-xpath-plays-vital-role-in-web-scraping-part-2-fd32e6c45c65?source=search_post,
https://medium.com/@siddharthalibra13/web-crawling-eh-what-is-it-fdfb91e946f7?source=search_post,
https://medium.com/makzan-scrapbook/reactjs-examples-f46dc076886a?source=search_post